,filename,session_id
1431,5474769194.jpg,d_10103515@N07_0_0
1432,5474768582.jpg,d_10103515@N07_0_0
1433,5474766900.jpg,d_10103515@N07_0_0
1434,5474169937.jpg,d_10103515@N07_0_0
1435,5474167663.jpg,d_10103515@N07_0_0
1417,5505563984.jpg,d_10103515@N07_1_0
1418,5504967465.jpg,d_10103515@N07_1_0
1419,5505561028.jpg,d_10103515@N07_1_1
1420,5504964545.jpg,d_10103515@N07_1_1
1421,5504963327.jpg,d_10103515@N07_1_1
1422,5504960121.jpg,d_10103515@N07_1_1
1391,14616097194.jpg,d_10103515@N07_2_0
1392,14431580439.jpg,d_10103515@N07_2_0
1393,14595162856.jpg,d_10103515@N07_2_0
1394,14617645452.jpg,d_10103515@N07_2_0
1395,14595161916.jpg,d_10103515@N07_2_0
1396,14614961011.jpg,d_10103515@N07_2_0
1397,14618166835.jpg,d_10103515@N07_2_0
1398,14616093854.jpg,d_10103515@N07_2_0
1245,51688380653.jpg,d_10103515@N07_3_0
1246,51689006700.jpg,d_10103515@N07_3_0
1784,2067301828.jpg,d_10221816@N05_0_0
1785,2067299718.jpg,d_10221816@N05_0_0
1786,2066499589.jpg,d_10221816@N05_0_0
1787,2067295700.jpg,d_10221816@N05_0_0
1788,2067293704.jpg,d_10221816@N05_0_0
1789,2066493391.jpg,d_10221816@N05_0_0
1790,2067289450.jpg,d_10221816@N05_0_0
1791,2066489295.jpg,d_10221816@N05_0_0
1792,2066487375.jpg,d_10221816@N05_0_0
1793,2066483313.jpg,d_10221816@N05_0_0
1794,2066481119.jpg,d_10221816@N05_0_0
1795,2067277448.jpg,d_10221816@N05_0_0
1796,2067275416.jpg,d_10221816@N05_0_0
1767,2644864229.jpg,d_10221816@N05_1_0
1768,2645689646.jpg,d_10221816@N05_1_0
1769,2644863659.jpg,d_10221816@N05_1_0
1770,2644863467.jpg,d_10221816@N05_1_0
1771,2644863223.jpg,d_10221816@N05_1_0
1772,2645688656.jpg,d_10221816@N05_1_0
1773,2645688468.jpg,d_10221816@N05_1_0
1774,2645688258.jpg,d_10221816@N05_1_0
1775,2645688086.jpg,d_10221816@N05_1_0
1776,2645687878.jpg,d_10221816@N05_1_0
1777,2645687564.jpg,d_10221816@N05_1_0
1778,2645687258.jpg,d_10221816@N05_1_0
1779,2644861305.jpg,d_10221816@N05_1_0
1780,2645686766.jpg,d_10221816@N05_1_0
1781,2645686562.jpg,d_10221816@N05_1_0
1782,2644860573.jpg,d_10221816@N05_1_0
1783,2645686068.jpg,d_10221816@N05_1_0
1754,2714270755.jpg,d_10221816@N05_2_0
1755,2715082340.jpg,d_10221816@N05_2_0
1756,2715057540.jpg,d_10221816@N05_2_0
1757,2715052972.jpg,d_10221816@N05_2_0
1758,2715050998.jpg,d_10221816@N05_2_0
1759,2714235709.jpg,d_10221816@N05_2_0
1760,2715046780.jpg,d_10221816@N05_2_0
1761,2715044566.jpg,d_10221816@N05_2_0
1762,2715042200.jpg,d_10221816@N05_2_0
1763,2714226425.jpg,d_10221816@N05_2_0
1764,2714221993.jpg,d_10221816@N05_2_0
1765,2714219407.jpg,d_10221816@N05_2_0
1766,2715030128.jpg,d_10221816@N05_2_0
486,3643577763.jpg,d_10221816@N05_4_0
487,3644381630.jpg,d_10221816@N05_4_0
488,3644380148.jpg,d_10221816@N05_4_0
489,3643572653.jpg,d_10221816@N05_4_0
490,3644376068.jpg,d_10221816@N05_4_0
491,3644369478.jpg,d_10221816@N05_4_0
492,3644365026.jpg,d_10221816@N05_4_0
1349,3663143783.jpg,d_10221816@N05_5_0
1350,3663142635.jpg,d_10221816@N05_5_0
1351,3663941534.jpg,d_10221816@N05_5_0
1352,3663137313.jpg,d_10221816@N05_5_0
1353,3663936132.jpg,d_10221816@N05_5_0
1354,3663935190.jpg,d_10221816@N05_5_0
1355,3663934206.jpg,d_10221816@N05_5_0
1356,3663130237.jpg,d_10221816@N05_5_0
1357,3663050995.jpg,d_10221816@N05_5_0
1358,3663046085.jpg,d_10221816@N05_5_0
1359,3663042091.jpg,d_10221816@N05_5_0
1360,3663841500.jpg,d_10221816@N05_5_0
1361,3663837382.jpg,d_10221816@N05_5_0
1362,3663032683.jpg,d_10221816@N05_5_0
1363,3663027215.jpg,d_10221816@N05_5_0
1364,3663826290.jpg,d_10221816@N05_5_0
1365,3663019425.jpg,d_10221816@N05_5_0
1366,3663031411.jpg,d_10221816@N05_5_0
1367,3663015851.jpg,d_10221816@N05_5_0
1368,3663012193.jpg,d_10221816@N05_5_0
1369,3663008043.jpg,d_10221816@N05_5_0
1370,3662987373.jpg,d_10221816@N05_5_0
1371,3662985397.jpg,d_10221816@N05_5_0
1436,4912572851.jpg,d_10221816@N05_6_0
1437,4913173614.jpg,d_10221816@N05_6_0
1438,4912564969.jpg,d_10221816@N05_6_0
1439,4913165944.jpg,d_10221816@N05_6_0
1440,4913162016.jpg,d_10221816@N05_6_0
1441,4913157978.jpg,d_10221816@N05_6_0
1442,4912548541.jpg,d_10221816@N05_6_0
1443,4913150754.jpg,d_10221816@N05_6_0
1444,4913148836.jpg,d_10221816@N05_6_0
1445,4913143866.jpg,d_10221816@N05_6_0
1446,4912537339.jpg,d_10221816@N05_6_0
1447,4912533881.jpg,d_10221816@N05_6_0
1448,4913134790.jpg,d_10221816@N05_6_0
1449,4912526377.jpg,d_10221816@N05_6_0
463,5674749523.jpg,d_10368149@N02_1_0
464,5674727355.jpg,d_10368149@N02_1_0
465,5675290292.jpg,d_10368149@N02_1_0
466,5674724785.jpg,d_10368149@N02_1_0
467,5674723737.jpg,d_10368149@N02_1_0
468,5675286892.jpg,d_10368149@N02_1_0
1826,3119667877.jpg,d_10546451@N00_1_0
1827,3120493670.jpg,d_10546451@N00_1_0
1828,3120491864.jpg,d_10546451@N00_1_0
1829,3120489240.jpg,d_10546451@N00_1_0
1830,3119659205.jpg,d_10546451@N00_1_0
1555,21193319526.jpg,d_10621515@N05_0_0
1556,20548728954.jpg,d_10621515@N05_0_0
1861,33981730195.jpg,d_10621515@N05_1_0
1862,33940467066.jpg,d_10621515@N05_1_0
1863,33940661056.jpg,d_10621515@N05_1_0
1864,33939650066.jpg,d_10621515@N05_1_0
1865,33137214084.jpg,d_10621515@N05_1_0
1866,33595601210.jpg,d_10621515@N05_1_0
1867,33939425966.jpg,d_10621515@N05_1_0
1868,33136955944.jpg,d_10621515@N05_1_0
956,24190018092.jpg,d_110906977@N03_0_0
957,24215686961.jpg,d_110906977@N03_0_0
958,23930364639.jpg,d_110906977@N03_0_0
959,24190011702.jpg,d_110906977@N03_0_0
960,24215680721.jpg,d_110906977@N03_0_0
742,2321869254.jpg,d_11152520@N03_0_0
743,2321868748.jpg,d_11152520@N03_0_0
1098,2468789338.jpg,d_11339300@N08_0_0
1099,2468788444.jpg,d_11339300@N08_0_0
1100,2468782288.jpg,d_11339300@N08_0_0
792,50833467548.jpg,d_11343593@N06_2_0
793,35242499856.jpg,d_11343593@N06_2_0
1022,6943861670.jpg,d_11359861@N07_0_2
1183,7089929339.jpg,d_11359861@N07_0_2
1023,7087355279.jpg,d_11359861@N07_0_3
1052,6943857130.jpg,d_11359861@N07_0_3
839,15306497215.jpg,d_116005855@N07_0_0
840,15119726149.jpg,d_116005855@N07_0_0
841,15283450786.jpg,d_116005855@N07_0_0
842,15119943617.jpg,d_116005855@N07_0_0
843,15119789250.jpg,d_116005855@N07_0_0
844,15306496405.jpg,d_116005855@N07_0_0
845,15306491395.jpg,d_116005855@N07_0_0
846,15119777230.jpg,d_116005855@N07_0_0
847,15119899928.jpg,d_116005855@N07_0_0
1941,3689312461.jpg,d_11612424@N05_0_0
1942,3689312355.jpg,d_11612424@N05_0_0
1302,5064534888.jpg,d_12113806@N04_1_0
1303,5063921019.jpg,d_12113806@N04_1_0
1304,5064534666.jpg,d_12113806@N04_1_0
1305,5063920833.jpg,d_12113806@N04_1_0
1306,5063920715.jpg,d_12113806@N04_1_0
1307,5064534296.jpg,d_12113806@N04_1_0
1308,5064534234.jpg,d_12113806@N04_1_0
1309,5064534114.jpg,d_12113806@N04_1_0
1310,5063920257.jpg,d_12113806@N04_1_0
1311,5063920111.jpg,d_12113806@N04_1_0
1312,5064533606.jpg,d_12113806@N04_1_0
1313,5064533460.jpg,d_12113806@N04_1_0
1314,5063919735.jpg,d_12113806@N04_1_0
1315,5064533242.jpg,d_12113806@N04_1_0
1668,5885928604.jpg,d_12608538@N03_1_0
1669,5885360203.jpg,d_12608538@N03_1_0
1670,5885927506.jpg,d_12608538@N03_1_0
1671,5885359069.jpg,d_12608538@N03_1_0
1672,5885926388.jpg,d_12608538@N03_1_0
1673,5885925916.jpg,d_12608538@N03_1_0
1674,5885357581.jpg,d_12608538@N03_1_0
1675,5885924934.jpg,d_12608538@N03_1_0
1676,5885354093.jpg,d_12608538@N03_1_0
1677,5885353653.jpg,d_12608538@N03_1_0
929,47384822322.jpg,d_127574590@N06_1_0
930,40471495983.jpg,d_127574590@N06_1_0
926,49274036421.jpg,d_127574590@N06_3_0
927,49214994782.jpg,d_127574590@N06_3_0
2065,40868006095.jpg,d_133539722@N03_0_1
2066,26899007417.jpg,d_133539722@N03_0_1
945,27581072795.jpg,d_134114359@N07_0_0
946,26971080634.jpg,d_134114359@N07_0_0
947,27508232251.jpg,d_134114359@N07_0_0
948,27482007012.jpg,d_134114359@N07_0_0
949,27581022495.jpg,d_134114359@N07_0_0
950,27508197121.jpg,d_134114359@N07_0_0
200,20542869925.jpg,d_135439825@N05_0_0
201,20354778208.jpg,d_135439825@N05_0_0
274,4507830606.jpg,d_13619150@N07_0_0
275,4507192593.jpg,d_13619150@N07_0_0
2044,3306890817.jpg,d_14095879@N03_0_0
2045,3301159758.jpg,d_14095879@N03_0_0
2052,5782293501.jpg,d_14095879@N03_1_0
2053,5782846458.jpg,d_14095879@N03_1_0
1095,2576807891.jpg,d_14140519@N08_0_0
1096,2577638162.jpg,d_14140519@N08_0_0
1097,2577637648.jpg,d_14140519@N08_0_0
17,2684942109.jpg,d_14265068@N00_0_0
18,2684940467.jpg,d_14265068@N00_0_0
66,8486116252.jpg,d_14583963@N00_1_0
67,8486116192.jpg,d_14583963@N00_1_0
231,43030492931.jpg,d_14608765@N05_0_0
232,42128070055.jpg,d_14608765@N05_0_0
24,18066518584.jpg,d_14838182@N00_0_0
25,18068474973.jpg,d_14838182@N00_0_0
1380,416344128.jpg,d_14939179@N00_0_0
1381,416344131.jpg,d_14939179@N00_0_0
1382,416344130.jpg,d_14939179@N00_0_0
1377,2220367035.jpg,d_14939179@N00_1_0
1378,2220366857.jpg,d_14939179@N00_1_0
1230,3784473975.jpg,d_15121707@N00_0_0
1231,3785282294.jpg,d_15121707@N00_0_0
1232,3784471365.jpg,d_15121707@N00_0_0
1483,3791878542.jpg,d_15181848@N02_0_0
1484,3791063501.jpg,d_15181848@N02_0_0
1485,3791063327.jpg,d_15181848@N02_0_0
1486,3791061935.jpg,d_15181848@N02_0_0
1024,6589054193.jpg,d_15181848@N02_1_0
1060,6594072675.jpg,d_15181848@N02_1_0
2222,2039894419.jpg,d_15454150@N05_0_0
2223,2040687672.jpg,d_15454150@N05_0_0
2224,2039893441.jpg,d_15454150@N05_0_0
2225,2040687038.jpg,d_15454150@N05_0_0
2226,2039892849.jpg,d_15454150@N05_0_0
2227,2039892327.jpg,d_15454150@N05_0_0
1666,46483933944.jpg,d_155150289@N04_1_0
1667,47207271171.jpg,d_155150289@N04_1_0
1664,46292803245.jpg,d_155150289@N04_2_0
1665,47155330942.jpg,d_155150289@N04_2_0
243,16184614804.jpg,d_15523409@N05_0_0
244,16805836331.jpg,d_15523409@N05_0_0
1148,12678765974.jpg,d_16272784@N06_0_0
1149,12678396113.jpg,d_16272784@N06_0_0
1146,12821311455.jpg,d_16272784@N06_1_0
1147,12821251383.jpg,d_16272784@N06_1_0
1930,5791022367.jpg,d_16310029@N08_1_0
1931,5791021679.jpg,d_16310029@N08_1_0
1944,5791802136.jpg,d_16310029@N08_1_0
1945,5791800582.jpg,d_16310029@N08_1_0
1946,5791799298.jpg,d_16310029@N08_1_0
1947,5790906891.jpg,d_16310029@N08_1_0
533,4413901315.jpg,d_16340759@N07_0_0
534,4413888913.jpg,d_16340759@N07_0_0
517,9329521726.jpg,d_16340759@N07_5_0
518,9326728413.jpg,d_16340759@N07_5_0
519,9329521082.jpg,d_16340759@N07_5_0
520,9329520638.jpg,d_16340759@N07_5_0
510,14154071430.jpg,d_16340759@N07_7_0
511,14154191027.jpg,d_16340759@N07_7_0
512,14339901174.jpg,d_16340759@N07_7_0
570,24197896641.jpg,d_16340759@N07_8_0
571,24280432085.jpg,d_16340759@N07_8_0
572,24280431545.jpg,d_16340759@N07_8_0
573,24172262152.jpg,d_16340759@N07_8_0
574,24280428125.jpg,d_16340759@N07_8_0
575,24172260182.jpg,d_16340759@N07_8_0
576,23984834440.jpg,d_16340759@N07_8_0
577,23653610473.jpg,d_16340759@N07_8_0
578,23652214194.jpg,d_16340759@N07_8_0
579,23984831970.jpg,d_16340759@N07_8_0
580,23912594849.jpg,d_16340759@N07_8_0
671,32289373625.jpg,d_16340759@N07_10_0
672,32289372165.jpg,d_16340759@N07_10_0
673,32289371705.jpg,d_16340759@N07_10_0
707,35781809303.jpg,d_16340759@N07_12_0
708,35781808383.jpg,d_16340759@N07_12_0
598,43070850664.jpg,d_16340759@N07_13_0
599,28850925187.jpg,d_16340759@N07_13_0
600,43070849514.jpg,d_16340759@N07_13_0
601,42883720765.jpg,d_16340759@N07_13_0
669,49676395693.jpg,d_16340759@N07_14_0
670,49676395473.jpg,d_16340759@N07_14_0
505,49927550252.jpg,d_16340759@N07_15_0
506,49926730138.jpg,d_16340759@N07_15_0
507,49926729823.jpg,d_16340759@N07_15_0
508,49926729748.jpg,d_16340759@N07_15_0
499,49942602777.jpg,d_16340759@N07_16_0
500,49941789863.jpg,d_16340759@N07_16_0
675,51216529333.jpg,d_16340759@N07_17_0
676,51217078269.jpg,d_16340759@N07_17_0
700,51229149633.jpg,d_16340759@N07_18_0
701,51229699519.jpg,d_16340759@N07_18_0
702,51229149423.jpg,d_16340759@N07_18_0
703,51229698829.jpg,d_16340759@N07_18_0
692,51642686532.jpg,d_16340759@N07_19_0
693,51644366090.jpg,d_16340759@N07_19_0
694,51643732088.jpg,d_16340759@N07_19_0
695,51643515756.jpg,d_16340759@N07_19_0
696,51644365210.jpg,d_16340759@N07_19_0
697,51644164694.jpg,d_16340759@N07_19_0
698,51643514936.jpg,d_16340759@N07_19_0
699,51643514871.jpg,d_16340759@N07_19_0
932,38067754986.jpg,d_16596039@N02_0_0
933,38121916771.jpg,d_16596039@N02_0_0
2109,51099172398.jpg,d_16801915@N06_0_0
2110,51098728442.jpg,d_16801915@N06_0_0
2111,51099172238.jpg,d_16801915@N06_0_0
2112,51098630181.jpg,d_16801915@N06_0_0
2113,51098728347.jpg,d_16801915@N06_0_0
226,29034465458.jpg,d_17096632@N07_0_0
227,29034464118.jpg,d_17096632@N07_0_0
2219,8212057478.jpg,d_20658996@N06_1_0
2220,8210968413.jpg,d_20658996@N06_1_0
2221,8212057270.jpg,d_20658996@N06_1_0
2244,8251021013.jpg,d_20658996@N06_2_0
2245,8251020963.jpg,d_20658996@N06_2_0
2246,8252090276.jpg,d_20658996@N06_2_0
2247,8251020889.jpg,d_20658996@N06_2_0
983,14220712230.jpg,d_20987962@N03_0_0
984,14405995512.jpg,d_20987962@N03_0_0
1475,6704331791.jpg,d_21317653@N06_0_0
1476,6704331183.jpg,d_21317653@N06_0_0
1477,6704325241.jpg,d_21317653@N06_0_0
1478,6704297715.jpg,d_21317653@N06_0_0
1282,5773226570.jpg,d_22851682@N02_0_0
1283,5772686803.jpg,d_22851682@N02_0_0
1284,5772685997.jpg,d_22851682@N02_0_0
439,4746596075.jpg,d_22888739@N07_0_0
440,4746589395.jpg,d_22888739@N07_0_0
441,4747215606.jpg,d_22888739@N07_0_0
442,4747206772.jpg,d_22888739@N07_0_0
443,4747205100.jpg,d_22888739@N07_0_0
1746,40016423102.jpg,d_23464792@N04_1_0
1747,40016421292.jpg,d_23464792@N04_1_0
2233,25177181027.jpg,d_23464792@N04_1_1
2234,40016438482.jpg,d_23464792@N04_1_1
2235,40016435882.jpg,d_23464792@N04_1_1
2236,39338509784.jpg,d_23464792@N04_1_1
2237,40016429072.jpg,d_23464792@N04_1_1
2238,40016426302.jpg,d_23464792@N04_1_1
2239,40016425372.jpg,d_23464792@N04_1_1
2240,40016424172.jpg,d_23464792@N04_1_1
2241,40016422342.jpg,d_23464792@N04_1_1
2231,47642731802.jpg,d_23464792@N04_2_0
2232,47642730422.jpg,d_23464792@N04_2_0
102,47934566232.jpg,d_23464792@N04_3_0
103,47934583126.jpg,d_23464792@N04_3_0
104,47934565937.jpg,d_23464792@N04_3_0
105,47934582801.jpg,d_23464792@N04_3_0
106,47934393333.jpg,d_23464792@N04_3_0
107,47934393178.jpg,d_23464792@N04_3_0
108,47934393003.jpg,d_23464792@N04_3_0
109,47934400791.jpg,d_23464792@N04_3_0
110,47934384207.jpg,d_23464792@N04_3_0
90,48784352248.jpg,d_23464792@N04_4_0
91,48784878112.jpg,d_23464792@N04_4_0
92,48784877587.jpg,d_23464792@N04_4_0
93,48784350753.jpg,d_23464792@N04_4_0
94,48784714131.jpg,d_23464792@N04_4_0
95,48784876007.jpg,d_23464792@N04_4_0
96,48784875627.jpg,d_23464792@N04_4_0
97,48784348883.jpg,d_23464792@N04_4_0
98,48784874232.jpg,d_23464792@N04_4_0
99,48784711686.jpg,d_23464792@N04_4_0
100,48784711481.jpg,d_23464792@N04_4_0
101,48784873442.jpg,d_23464792@N04_4_0
81,51231604554.jpg,d_23464792@N04_5_0
82,51230836421.jpg,d_23464792@N04_5_0
83,51231604319.jpg,d_23464792@N04_5_0
84,51231044958.jpg,d_23464792@N04_5_0
85,51230126157.jpg,d_23464792@N04_5_0
86,51231600659.jpg,d_23464792@N04_5_0
87,51230832271.jpg,d_23464792@N04_5_0
88,51231600554.jpg,d_23464792@N04_5_0
89,51231897485.jpg,d_23464792@N04_5_0
704,46579917795.jpg,d_24429795@N04_3_0
705,47465176041.jpg,d_24429795@N04_3_0
1247,32593940357.jpg,d_24429795@N04_4_0
1662,40615086613.jpg,d_24429795@N04_4_0
1663,46820949574.jpg,d_24429795@N04_4_0
1659,32681939457.jpg,d_24429795@N04_6_0
1660,32666712027.jpg,d_24429795@N04_6_0
1657,47715911711.jpg,d_24429795@N04_7_0
1658,40749448443.jpg,d_24429795@N04_7_0
1575,5283670823.jpg,d_24472874@N03_2_0
1576,5283670751.jpg,d_24472874@N03_2_0
1751,5280209742.jpg,d_24472874@N03_2_1
1752,5279604267.jpg,d_24472874@N03_2_1
1572,5285294389.jpg,d_24472874@N03_3_0
1573,5285294237.jpg,d_24472874@N03_3_0
1574,5285891540.jpg,d_24472874@N03_3_0
1565,5395912286.jpg,d_24472874@N03_4_0
1566,5297073340.jpg,d_24472874@N03_4_0
1567,5296474667.jpg,d_24472874@N03_4_0
1568,5296474459.jpg,d_24472874@N03_4_0
1569,5296474351.jpg,d_24472874@N03_4_0
1570,5297071762.jpg,d_24472874@N03_4_0
1571,5296474031.jpg,d_24472874@N03_4_0
1063,6020859929.jpg,d_24500910@N03_0_0
1064,6021413512.jpg,d_24500910@N03_0_0
1206,6295885948.jpg,d_24673846@N00_1_0
1207,6295885156.jpg,d_24673846@N00_1_0
992,13353109884.jpg,d_24673846@N00_3_0
993,13352874263.jpg,d_24673846@N00_3_0
994,13352714125.jpg,d_24673846@N00_3_0
995,13352707825.jpg,d_24673846@N00_3_0
996,13352861773.jpg,d_24673846@N00_3_0
997,13352856983.jpg,d_24673846@N00_3_0
728,51137551718.jpg,d_24673846@N00_6_0
730,51136658767.jpg,d_24673846@N00_6_0
731,50089955788.jpg,d_24673846@N00_10_0
732,50089955583.jpg,d_24673846@N00_10_0
733,50089955413.jpg,d_24673846@N00_10_0
734,50090769662.jpg,d_24673846@N00_10_0
735,50090769442.jpg,d_24673846@N00_10_0
736,50090769262.jpg,d_24673846@N00_10_0
726,51137551898.jpg,d_24673846@N00_12_0
727,51138111234.jpg,d_24673846@N00_12_0
1266,7386429600.jpg,d_24814887@N06_0_0
1267,7385248776.jpg,d_24814887@N06_0_0
1268,7385157138.jpg,d_24814887@N06_0_0
1269,7385152734.jpg,d_24814887@N06_0_0
1270,7385152438.jpg,d_24814887@N06_0_0
1271,7385108130.jpg,d_24814887@N06_0_0
112,5544305758.jpg,d_24929622@N04_1_0
113,5543534144.jpg,d_24929622@N04_1_0
770,7717974324.jpg,d_24929622@N04_2_0
771,7717972188.jpg,d_24929622@N04_2_0
760,14527418825.jpg,d_24929622@N04_3_0
761,14504190261.jpg,d_24929622@N04_3_0
1092,2901818780.jpg,d_25478385@N06_0_0
1093,2901817914.jpg,d_25478385@N06_0_0
1558,5766250914.jpg,d_25691129@N03_0_0
1559,5765695343.jpg,d_25691129@N03_0_0
358,4684867351.jpg,d_26251555@N07_0_0
359,4685439706.jpg,d_26251555@N07_0_0
354,4703538543.jpg,d_26251555@N07_1_0
355,4703537749.jpg,d_26251555@N07_1_0
356,4703537129.jpg,d_26251555@N07_1_0
357,4704175850.jpg,d_26251555@N07_1_0
365,4697926684.jpg,d_26251555@N07_1_1
366,4697294647.jpg,d_26251555@N07_1_1
367,4697293975.jpg,d_26251555@N07_1_1
368,4697924586.jpg,d_26251555@N07_1_1
369,4697292667.jpg,d_26251555@N07_1_1
370,4697923550.jpg,d_26251555@N07_1_1
371,4697923064.jpg,d_26251555@N07_1_1
372,4697291199.jpg,d_26251555@N07_1_1
373,4697922014.jpg,d_26251555@N07_1_1
351,5801297283.jpg,d_26251555@N07_3_0
352,5801851606.jpg,d_26251555@N07_3_0
348,5874706788.jpg,d_26251555@N07_4_0
349,5874148133.jpg,d_26251555@N07_4_0
350,5869400669.jpg,d_26251555@N07_4_0
342,7005680445.jpg,d_26251555@N07_7_0
343,6859560928.jpg,d_26251555@N07_7_0
344,6859560706.jpg,d_26251555@N07_7_0
336,7026731871.jpg,d_26251555@N07_8_0
337,6880632116.jpg,d_26251555@N07_8_0
338,6880631606.jpg,d_26251555@N07_8_0
339,6880631118.jpg,d_26251555@N07_8_0
340,6880630568.jpg,d_26251555@N07_8_0
341,6880630074.jpg,d_26251555@N07_8_0
327,7070692271.jpg,d_26251555@N07_9_0
328,6924613826.jpg,d_26251555@N07_9_0
329,7070691237.jpg,d_26251555@N07_9_0
330,7070690887.jpg,d_26251555@N07_9_0
331,6924612424.jpg,d_26251555@N07_9_0
332,6924563488.jpg,d_26251555@N07_9_0
333,7070641383.jpg,d_26251555@N07_9_0
334,6924562622.jpg,d_26251555@N07_9_0
335,7070640535.jpg,d_26251555@N07_9_0
305,9030154423.jpg,d_26251555@N07_10_0
306,9032332602.jpg,d_26251555@N07_10_0
307,9030104831.jpg,d_26251555@N07_10_0
308,9030104047.jpg,d_26251555@N07_10_0
309,9019658002.jpg,d_26251555@N07_10_0
310,9019655552.jpg,d_26251555@N07_10_0
311,9019653078.jpg,d_26251555@N07_10_0
312,9019650420.jpg,d_26251555@N07_10_0
313,9019647780.jpg,d_26251555@N07_10_0
314,9019638394.jpg,d_26251555@N07_10_0
315,9019634360.jpg,d_26251555@N07_10_0
316,9019632190.jpg,d_26251555@N07_10_0
317,9019617748.jpg,d_26251555@N07_10_0
318,9019616638.jpg,d_26251555@N07_10_0
319,9019615596.jpg,d_26251555@N07_10_0
320,9019614890.jpg,d_26251555@N07_10_0
321,9019574248.jpg,d_26251555@N07_10_0
322,9019572272.jpg,d_26251555@N07_10_0
323,9019568482.jpg,d_26251555@N07_10_0
324,9019566584.jpg,d_26251555@N07_10_0
325,9019562836.jpg,d_26251555@N07_10_0
326,9019560588.jpg,d_26251555@N07_10_0
347,9019564784.jpg,d_26251555@N07_10_0
299,9216525736.jpg,d_26251555@N07_12_1
300,9213749643.jpg,d_26251555@N07_12_1
301,9175868556.jpg,d_26251555@N07_12_1
293,10293189686.jpg,d_26251555@N07_13_0
294,10293187376.jpg,d_26251555@N07_13_0
295,10293189945.jpg,d_26251555@N07_13_0
296,10293185025.jpg,d_26251555@N07_13_0
297,10293076284.jpg,d_26251555@N07_13_0
298,10293175956.jpg,d_26251555@N07_13_0
304,10293080794.jpg,d_26251555@N07_13_0
2001,50026411351.jpg,d_26373083@N03_0_0
2002,50026669632.jpg,d_26373083@N03_0_0
1685,50072783067.jpg,d_26373083@N03_1_0
1686,50072782952.jpg,d_26373083@N03_1_0
1703,4760110187.jpg,d_26975410@N00_0_0
1704,4760076891.jpg,d_26975410@N00_0_0
1705,4760709754.jpg,d_26975410@N00_0_0
1706,4760699390.jpg,d_26975410@N00_0_0
1707,4760058029.jpg,d_26975410@N00_0_0
1708,4760689492.jpg,d_26975410@N00_0_0
132,28464221974.jpg,d_26984212@N03_1_0
133,28464221754.jpg,d_26984212@N03_1_0
134,28799263510.jpg,d_26984212@N03_1_0
119,5615564727.jpg,d_27079508@N00_0_0
120,5615564663.jpg,d_27079508@N00_0_0
1604,37160579132.jpg,d_27203298@N02_0_0
1605,37160575222.jpg,d_27203298@N02_0_0
1606,37190364611.jpg,d_27203298@N02_0_0
713,4163492994.jpg,d_27634886@N00_0_0
714,4163491794.jpg,d_27634886@N00_0_0
715,4162731053.jpg,d_27634886@N00_0_0
716,4162730431.jpg,d_27634886@N00_0_0
717,4163489396.jpg,d_27634886@N00_0_0
718,4162728693.jpg,d_27634886@N00_0_0
1980,50098589412.jpg,d_27725811@N03_1_0
1981,50098589252.jpg,d_27725811@N03_1_0
1982,50097779018.jpg,d_27725811@N03_1_0
1463,48797358312.jpg,d_27911027@N00_0_0
1464,48797218596.jpg,d_27911027@N00_0_0
1465,48797358167.jpg,d_27911027@N00_0_0
1466,48797358132.jpg,d_27911027@N00_0_0
1467,48797218391.jpg,d_27911027@N00_0_0
190,50058478622.jpg,d_28160081@N05_0_0
191,50058478547.jpg,d_28160081@N05_0_0
192,50058478437.jpg,d_28160081@N05_0_0
193,50057666213.jpg,d_28160081@N05_0_0
1531,11655338133.jpg,d_28429603@N02_0_0
1532,11655079985.jpg,d_28429603@N02_0_0
1533,11655437134.jpg,d_28429603@N02_0_0
1387,38698425024.jpg,d_28429603@N02_1_0
1388,38698418834.jpg,d_28429603@N02_1_0
679,47521178191.jpg,d_28429603@N02_2_0
680,47521177521.jpg,d_28429603@N02_2_0
681,47521176831.jpg,d_28429603@N02_2_0
1680,3407905102.jpg,d_28843903@N06_2_0
1681,3407904822.jpg,d_28843903@N06_2_0
481,26498095062.jpg,d_28845654@N08_1_0
482,26484004392.jpg,d_28845654@N08_1_0
483,26550151006.jpg,d_28845654@N08_1_0
826,26597122581.jpg,d_28845654@N08_1_0
827,26590618255.jpg,d_28845654@N08_1_0
2084,48067417176.jpg,d_29516682@N05_0_0
2085,48067521172.jpg,d_29516682@N05_0_0
876,459673864.jpg,d_29845208@N00_0_0
877,459673858.jpg,d_29845208@N00_0_0
1870,2829096081.jpg,d_30065320@N02_0_0
1871,2829092813.jpg,d_30065320@N02_0_0
1872,2829092815.jpg,d_30065320@N02_0_0
1873,2829092745.jpg,d_30065320@N02_0_0
1874,2829092735.jpg,d_30065320@N02_0_0
711,6534068619.jpg,d_30251042@N08_0_0
712,6532153253.jpg,d_30251042@N08_0_0
1316,5044785600.jpg,d_30602492@N03_0_0
1317,4778444916.jpg,d_30602492@N03_0_0
1273,6413220003.jpg,d_30602492@N03_3_0
1274,6413203565.jpg,d_30602492@N03_3_0
1236,3485568522.jpg,d_31343702@N06_0_0
1237,3485568466.jpg,d_31343702@N06_0_0
1238,3485568242.jpg,d_31343702@N06_0_0
1239,3485568006.jpg,d_31343702@N06_0_0
1240,3485567902.jpg,d_31343702@N06_0_0
1241,3485567730.jpg,d_31343702@N06_0_0
1242,3484752493.jpg,d_31343702@N06_0_0
899,2990086956.jpg,d_31928351@N06_0_0
900,2990085690.jpg,d_31928351@N06_0_0
897,3026937859.jpg,d_31928351@N06_2_0
898,3026937289.jpg,d_31928351@N06_2_0
808,5820243069.jpg,d_32864555@N03_0_0
809,5820804564.jpg,d_32864555@N03_0_0
810,5820241937.jpg,d_32864555@N03_0_0
811,5820801228.jpg,d_32864555@N03_0_0
812,5820234643.jpg,d_32864555@N03_0_0
813,5820233863.jpg,d_32864555@N03_0_0
814,5820232031.jpg,d_32864555@N03_0_0
815,5820231557.jpg,d_32864555@N03_0_0
816,5820230849.jpg,d_32864555@N03_0_0
817,5820228979.jpg,d_32864555@N03_0_0
818,5820788916.jpg,d_32864555@N03_0_0
819,5820788630.jpg,d_32864555@N03_0_0
820,5820788500.jpg,d_32864555@N03_0_0
821,5820226191.jpg,d_32864555@N03_0_0
822,5820786354.jpg,d_32864555@N03_0_0
823,5820223805.jpg,d_32864555@N03_0_0
796,10379497034.jpg,d_32923741@N07_1_0
797,10379695353.jpg,d_32923741@N07_1_0
798,10379504885.jpg,d_32923741@N07_1_0
799,10379679963.jpg,d_32923741@N07_1_0
800,10379482156.jpg,d_32923741@N07_1_0
1596,33427373554.jpg,d_32923741@N07_2_0
1597,33885238330.jpg,d_32923741@N07_2_0
2027,5336708144.jpg,d_33252899@N00_0_0
2028,5336708008.jpg,d_33252899@N00_0_0
2022,51013126626.jpg,d_33252899@N00_4_0
2023,51013213372.jpg,d_33252899@N00_4_0
1908,4020087193.jpg,d_33533603@N00_0_0
1909,4020087147.jpg,d_33533603@N00_0_0
1921,33646619148.jpg,d_33738698@N05_0_1
1922,33646618168.jpg,d_33738698@N05_0_1
1103,51156296634.jpg,d_33738698@N05_1_0
1104,51154842577.jpg,d_33738698@N05_1_0
1105,51156615190.jpg,d_33738698@N05_1_0
1106,51155507466.jpg,d_33738698@N05_1_0
1107,51156614825.jpg,d_33738698@N05_1_0
1108,51156614525.jpg,d_33738698@N05_1_0
1109,51156292794.jpg,d_33738698@N05_1_0
1110,51156292619.jpg,d_33738698@N05_1_0
1111,51156614030.jpg,d_33738698@N05_1_0
1112,51156291734.jpg,d_33738698@N05_1_0
1113,51154839912.jpg,d_33738698@N05_1_0
1114,51154839667.jpg,d_33738698@N05_1_0
1115,51155738188.jpg,d_33738698@N05_1_0
2067,51742946057.jpg,d_33738698@N05_2_0
2068,51744412699.jpg,d_33738698@N05_2_0
2069,51744658140.jpg,d_33738698@N05_2_0
1399,13115364674.jpg,d_33890187@N06_0_0
1400,13108631545.jpg,d_33890187@N06_0_0
1886,6270052103.jpg,d_34060074@N06_1_0
1887,6270582584.jpg,d_34060074@N06_1_0
1492,13080424313.jpg,d_34155837@N06_0_1
1493,13080296405.jpg,d_34155837@N06_0_1
1494,13080200604.jpg,d_34155837@N06_0_1
114,3725074688.jpg,d_34446650@N04_0_0
115,3725074272.jpg,d_34446650@N04_0_0
381,8689185719.jpg,d_34890873@N08_0_0
382,8685825347.jpg,d_34890873@N08_0_0
682,40223085163.jpg,d_34972638@N07_0_0
683,40222815683.jpg,d_34972638@N07_0_0
2086,5225254464.jpg,d_35034345417@N01_0_0
2087,5224658685.jpg,d_35034345417@N01_0_0
1332,4262070828.jpg,d_35199802@N05_0_0
1333,4262070792.jpg,d_35199802@N05_0_0
1334,4261317627.jpg,d_35199802@N05_0_0
1335,4261317589.jpg,d_35199802@N05_0_0
1336,4262070638.jpg,d_35199802@N05_0_0
1337,4261317489.jpg,d_35199802@N05_0_0
1338,4261317423.jpg,d_35199802@N05_0_0
1339,4261317371.jpg,d_35199802@N05_0_0
1340,4261317305.jpg,d_35199802@N05_0_0
1341,4261317251.jpg,d_35199802@N05_0_0
1342,4261317191.jpg,d_35199802@N05_0_0
1296,5497147598.jpg,d_35236000@N04_0_1
1297,5497146998.jpg,d_35236000@N04_0_1
1298,5496553213.jpg,d_35236000@N04_0_1
1299,5496551131.jpg,d_35236000@N04_0_1
1300,5497143824.jpg,d_35236000@N04_0_1
1301,5496549147.jpg,d_35236000@N04_0_1
1424,5497145998.jpg,d_35236000@N04_0_1
1425,5497145496.jpg,d_35236000@N04_0_1
1426,5496551655.jpg,d_35236000@N04_0_1
1427,5496548563.jpg,d_35236000@N04_0_1
1428,5497141224.jpg,d_35236000@N04_0_1
1429,5496547739.jpg,d_35236000@N04_0_1
1289,5539791981.jpg,d_35236000@N04_1_0
1416,5540370004.jpg,d_35236000@N04_1_0
1413,5560316853.jpg,d_35236000@N04_3_0
1414,5560315993.jpg,d_35236000@N04_3_0
1415,5560891458.jpg,d_35236000@N04_3_0
1408,5857881982.jpg,d_35236000@N04_6_0
1409,5857329347.jpg,d_35236000@N04_6_0
1410,5857880916.jpg,d_35236000@N04_6_0
1995,5679589055.jpg,d_35950920@N08_0_0
1996,5679588859.jpg,d_35950920@N08_0_0
1997,5680149610.jpg,d_35950920@N08_0_0
1607,3421414380.jpg,d_37804979@N00_0_0
1608,3420603403.jpg,d_37804979@N00_0_0
1609,3421409372.jpg,d_37804979@N00_0_0
1610,3421405892.jpg,d_37804979@N00_0_0
1611,3420594723.jpg,d_37804979@N00_0_0
1612,3420591267.jpg,d_37804979@N00_0_0
1613,3421392518.jpg,d_37804979@N00_0_0
1614,4585816095.jpg,d_37804979@N00_1_0
1615,4585814849.jpg,d_37804979@N00_1_0
1616,4582363734.jpg,d_37804979@N00_1_0
1617,4582362290.jpg,d_37804979@N00_1_0
1618,4579848766.jpg,d_37804979@N00_1_0
1619,4579214735.jpg,d_37804979@N00_1_0
1620,4579214143.jpg,d_37804979@N00_1_0
1621,4579212659.jpg,d_37804979@N00_1_0
1622,4579211033.jpg,d_37804979@N00_1_0
453,5223472964.jpg,d_38307297@N08_0_0
454,5222845919.jpg,d_38307297@N08_0_0
455,5223442720.jpg,d_38307297@N08_0_0
456,5221798234.jpg,d_38307297@N08_0_0
457,5221795508.jpg,d_38307297@N08_0_0
458,5221792434.jpg,d_38307297@N08_0_0
459,5165603652.jpg,d_38307297@N08_0_0
2253,3608909570.jpg,d_38949224@N02_1_0
2254,3608902962.jpg,d_38949224@N02_1_0
2255,3608073295.jpg,d_38949224@N02_1_0
2256,3608882816.jpg,d_38949224@N02_1_0
2257,3608059037.jpg,d_38949224@N02_1_0
1,15391153744.jpg,d_38949224@N02_2_0
2,15393768003.jpg,d_38949224@N02_2_0
1165,7234968044.jpg,d_38992733@N03_0_0
1166,7234814892.jpg,d_38992733@N03_0_0
1167,7234814280.jpg,d_38992733@N03_0_0
1168,7234810670.jpg,d_38992733@N03_0_0
1169,7234808788.jpg,d_38992733@N03_0_0
1170,7234805944.jpg,d_38992733@N03_0_0
1171,7234799212.jpg,d_38992733@N03_0_0
1172,7234796098.jpg,d_38992733@N03_0_0
1173,7234794394.jpg,d_38992733@N03_0_0
1174,7234792676.jpg,d_38992733@N03_0_0
1175,7234787220.jpg,d_38992733@N03_0_0
1176,7234783028.jpg,d_38992733@N03_0_0
1177,7234780158.jpg,d_38992733@N03_0_0
1636,16511401577.jpg,d_38992733@N03_1_0
1637,16531103658.jpg,d_38992733@N03_1_0
1638,16692774336.jpg,d_38992733@N03_1_0
1294,3974748258.jpg,d_39242728@N08_0_0
1295,3974747854.jpg,d_39242728@N08_0_0
1343,4075241491.jpg,d_39242728@N08_1_0
1344,4075097989.jpg,d_39242728@N08_1_0
955,24717433353.jpg,d_39360348@N08_0_0
977,16335004762.jpg,d_39360348@N08_0_0
978,16134457890.jpg,d_39360348@N08_0_0
979,16080083680.jpg,d_39360348@N08_0_0
980,16247532022.jpg,d_39360348@N08_0_0
981,16247528882.jpg,d_39360348@N08_0_0
982,16060329408.jpg,d_39360348@N08_0_0
974,16454705837.jpg,d_39360348@N08_1_0
975,16005579724.jpg,d_39360348@N08_1_0
976,16615610402.jpg,d_39360348@N08_1_0
964,19000178580.jpg,d_39360348@N08_2_0
966,18170468039.jpg,d_39360348@N08_2_0
967,18349838235.jpg,d_39360348@N08_2_0
968,18321048126.jpg,d_39360348@N08_2_0
969,18319443466.jpg,d_39360348@N08_2_0
970,18152244068.jpg,d_39360348@N08_2_0
971,18340078425.jpg,d_39360348@N08_2_0
962,19000301838.jpg,d_39360348@N08_4_0
963,19001719559.jpg,d_39360348@N08_4_0
965,19001708449.jpg,d_39360348@N08_4_0
951,26966116771.jpg,d_39360348@N08_7_0
952,26423565734.jpg,d_39360348@N08_7_0
953,26750097160.jpg,d_39360348@N08_7_0
954,26410522993.jpg,d_39360348@N08_7_0
935,31996448970.jpg,d_39360348@N08_8_0
940,28043323932.jpg,d_39360348@N08_8_0
941,28112575826.jpg,d_39360348@N08_8_0
942,28112562506.jpg,d_39360348@N08_8_0
943,27865735500.jpg,d_39360348@N08_8_0
944,27531518244.jpg,d_39360348@N08_8_0
936,28989016952.jpg,d_39360348@N08_10_0
938,29017138051.jpg,d_39360348@N08_10_0
939,29017137431.jpg,d_39360348@N08_10_0
1275,5992115694.jpg,d_40079941@N04_0_0
1276,5992019652.jpg,d_40079941@N04_0_0
1036,7481923288.jpg,d_40086672@N00_0_0
1037,7481922922.jpg,d_40086672@N00_0_0
1038,7481922542.jpg,d_40086672@N00_0_0
1039,7481922200.jpg,d_40086672@N00_0_0
1040,7481921720.jpg,d_40086672@N00_0_0
2073,19148278089.jpg,d_40375776@N06_0_0
2074,19334407915.jpg,d_40375776@N06_0_0
2075,19146748420.jpg,d_40375776@N06_0_0
1875,25998754213.jpg,d_40375776@N06_1_0
1876,26575826756.jpg,d_40375776@N06_1_0
1877,26601923285.jpg,d_40375776@N06_1_0
1878,26601920975.jpg,d_40375776@N06_1_0
1879,26601917335.jpg,d_40375776@N06_1_0
78,25782467808.jpg,d_41169756@N08_0_0
79,25782467508.jpg,d_41169756@N08_0_0
1151,8521631208.jpg,d_41688014@N06_0_0
1153,8333921306.jpg,d_41688014@N06_0_0
1154,8333921172.jpg,d_41688014@N06_0_0
1155,8332862673.jpg,d_41688014@N06_0_0
233,17605461476.jpg,d_41968228@N07_0_0
234,17629389312.jpg,d_41968228@N07_0_0
235,17445453739.jpg,d_41968228@N07_0_0
1927,4751823990.jpg,d_43360708@N08_0_0
1928,4751183993.jpg,d_43360708@N08_0_0
1925,5891094765.jpg,d_43360708@N08_1_0
1926,5891322990.jpg,d_43360708@N08_1_0
1228,4406211843.jpg,d_43439097@N08_0_0
1229,4406206175.jpg,d_43439097@N08_0_0
1078,5506971626.jpg,d_44057785@N03_0_0
1079,5503348341.jpg,d_44057785@N03_0_0
1080,5503342157.jpg,d_44057785@N03_0_0
1955,14033600038.jpg,d_44463669@N03_1_0
1956,14220049524.jpg,d_44463669@N03_1_0
1957,14027160879.jpg,d_44463669@N03_1_0
1958,14027160619.jpg,d_44463669@N03_1_0
1888,5321103608.jpg,d_44594406@N07_0_0
1889,5320499339.jpg,d_44594406@N07_0_0
1890,5320498655.jpg,d_44594406@N07_0_0
1891,5320497621.jpg,d_44594406@N07_0_0
1892,5321100462.jpg,d_44594406@N07_0_0
1689,8368492774.jpg,d_44912687@N00_0_0
1690,8368491262.jpg,d_44912687@N00_0_0
1691,8368489694.jpg,d_44912687@N00_0_0
1692,8368487970.jpg,d_44912687@N00_0_0
1693,8368486338.jpg,d_44912687@N00_0_0
1694,8368484560.jpg,d_44912687@N00_0_0
1695,8368482864.jpg,d_44912687@N00_0_0
1696,8367410221.jpg,d_44912687@N00_0_0
1697,8367413189.jpg,d_44912687@N00_0_0
1698,8367411563.jpg,d_44912687@N00_0_0
1699,8367408771.jpg,d_44912687@N00_0_0
1700,8368475616.jpg,d_44912687@N00_0_0
1701,8368459340.jpg,d_44912687@N00_0_0
1851,6661685209.jpg,d_46252234@N05_0_0
1852,6661682409.jpg,d_46252234@N05_0_0
1853,6661678459.jpg,d_46252234@N05_0_0
1854,6661659175.jpg,d_46252234@N05_0_0
1855,6661630275.jpg,d_46252234@N05_0_0
1385,34558108784.jpg,d_46292192@N06_0_0
1386,35271040551.jpg,d_46292192@N06_0_0
1389,35361215276.jpg,d_46292192@N06_0_0
1390,34591104683.jpg,d_46292192@N06_0_0
903,17175194192.jpg,d_46414663@N03_0_0
904,16969438627.jpg,d_46414663@N03_0_0
905,16989086288.jpg,d_46414663@N03_0_0
906,17150904076.jpg,d_46414663@N03_0_0
907,16556666553.jpg,d_46414663@N03_0_0
908,17150902626.jpg,d_46414663@N03_0_0
909,16989308840.jpg,d_46414663@N03_0_0
910,17150901686.jpg,d_46414663@N03_0_0
911,17176236681.jpg,d_46414663@N03_0_0
416,16556564003.jpg,d_46414663@N03_1_0
417,17175086332.jpg,d_46414663@N03_1_0
418,17175084452.jpg,d_46414663@N03_1_0
1469,14498353619.jpg,d_46810521@N04_0_0
1523,14684706522.jpg,d_46810521@N04_0_0
1524,14682624424.jpg,d_46810521@N04_0_0
410,49878719792.jpg,d_46810521@N04_3_0
411,49878413821.jpg,d_46810521@N04_3_0
412,49878719647.jpg,d_46810521@N04_3_0
413,49878719522.jpg,d_46810521@N04_3_0
392,49909635066.jpg,d_46810521@N04_4_0
393,49909635016.jpg,d_46810521@N04_4_0
394,49909117043.jpg,d_46810521@N04_4_0
395,49909634851.jpg,d_46810521@N04_4_0
396,49909634776.jpg,d_46810521@N04_4_0
402,49956116327.jpg,d_46810521@N04_7_0
403,49956115907.jpg,d_46810521@N04_7_0
404,49956115647.jpg,d_46810521@N04_7_0
405,49956114057.jpg,d_46810521@N04_7_1
406,49955328193.jpg,d_46810521@N04_7_1
407,49956113927.jpg,d_46810521@N04_7_1
408,49956113857.jpg,d_46810521@N04_7_1
222,50308470516.jpg,d_46810521@N04_8_0
223,50308631522.jpg,d_46810521@N04_8_0
224,50308469976.jpg,d_46810521@N04_8_0
389,51112772425.jpg,d_46810521@N04_11_0
390,51111991721.jpg,d_46810521@N04_11_0
391,51112772330.jpg,d_46810521@N04_11_0
2215,41090036245.jpg,d_47046427@N03_0_0
2216,28118269728.jpg,d_47046427@N03_0_0
2217,28118269328.jpg,d_47046427@N03_0_0
2218,28118269198.jpg,d_47046427@N03_0_0
2207,41804969110.jpg,d_47046427@N03_1_0
2208,29742618858.jpg,d_47046427@N03_1_0
2209,29742618638.jpg,d_47046427@N03_1_0
2210,41804968460.jpg,d_47046427@N03_1_0
2211,41804968070.jpg,d_47046427@N03_1_0
2212,42708565155.jpg,d_47046427@N03_1_0
2213,41804967650.jpg,d_47046427@N03_1_0
2214,29742618088.jpg,d_47046427@N03_1_0
2203,41805345350.jpg,d_47046427@N03_2_0
2204,41805344890.jpg,d_47046427@N03_2_0
2205,41805344640.jpg,d_47046427@N03_2_0
2206,41805344850.jpg,d_47046427@N03_2_0
2197,50781452428.jpg,d_47046427@N03_12_0
2198,50781452388.jpg,d_47046427@N03_12_0
446,8497587067.jpg,d_47239060@N04_1_0
447,8498690454.jpg,d_47239060@N04_1_0
1517,3417351075.jpg,d_47312400@N00_0_0
1518,3417665280.jpg,d_47312400@N00_0_0
1503,3622146110.jpg,d_47312400@N00_2_0
1504,3622145812.jpg,d_47312400@N00_2_0
1505,3622145724.jpg,d_47312400@N00_2_0
1506,3622145592.jpg,d_47312400@N00_2_0
1507,3621328317.jpg,d_47312400@N00_2_0
1500,4622327152.jpg,d_47312400@N00_4_0
1501,4621715921.jpg,d_47312400@N00_4_0
1081,4974588766.jpg,d_47565597@N03_0_0
1082,4974588730.jpg,d_47565597@N03_0_0
1083,4973971193.jpg,d_47565597@N03_0_0
385,6751421023.jpg,d_47723739@N07_0_0
386,6751419715.jpg,d_47723739@N07_0_0
387,6751418305.jpg,d_47723739@N07_0_0
881,3775565684.jpg,d_48511058@N00_0_0
882,3774757499.jpg,d_48511058@N00_0_0
883,3774754609.jpg,d_48511058@N00_0_0
1856,5589624453.jpg,d_48592979@N06_0_0
1857,5589618099.jpg,d_48592979@N06_0_0
2229,5833904110.jpg,d_48592979@N06_1_0
2230,5833906770.jpg,d_48592979@N06_1_0
2166,35964528432.jpg,d_48731569@N00_5_0
2167,34521557254.jpg,d_48731569@N00_5_0
68,5790400244.jpg,d_48741527@N04_0_0
69,5790398190.jpg,d_48741527@N04_0_0
1220,4727702763.jpg,d_48846519@N04_0_0
1221,4728345022.jpg,d_48846519@N04_0_0
1222,4727696681.jpg,d_48846519@N04_0_0
1223,4728339660.jpg,d_48846519@N04_0_0
1224,4727691351.jpg,d_48846519@N04_0_0
1248,24881142980.jpg,d_49000212@N08_0_0
1249,24549935893.jpg,d_49000212@N08_0_0
1910,32290632212.jpg,d_49124895@N03_0_0
1911,32063653950.jpg,d_49124895@N03_0_0
1912,32401689096.jpg,d_49124895@N03_0_0
1913,32290431882.jpg,d_49124895@N03_0_0
1914,32320310361.jpg,d_49124895@N03_0_0
1950,31598345854.jpg,d_49124895@N03_0_0
1162,7240402014.jpg,d_50262287@N05_0_0
1163,7240400264.jpg,d_50262287@N05_0_0
1164,7240399888.jpg,d_50262287@N05_0_0
1965,4674445784.jpg,d_50668340@N05_0_0
1966,4673821801.jpg,d_50668340@N05_0_0
1967,4674440384.jpg,d_50668340@N05_0_0
1678,5654760348.jpg,d_51128733@N02_0_0
1679,5654185711.jpg,d_51128733@N02_0_0
1158,7536810762.jpg,d_51186310@N08_1_0
1159,7536809148.jpg,d_51186310@N08_1_0
1280,5821398556.jpg,d_51224692@N03_1_0
1281,5821346654.jpg,d_51224692@N03_1_0
247,47600102782.jpg,d_51425650@N04_0_0
248,32710277967.jpg,d_51425650@N04_0_0
249,47600102542.jpg,d_51425650@N04_0_0
250,32710277847.jpg,d_51425650@N04_0_0
251,32710277827.jpg,d_51425650@N04_0_0
685,16720250246.jpg,d_51828484@N07_0_0
686,16744969101.jpg,d_51828484@N07_0_0
687,16123838854.jpg,d_51828484@N07_0_0
688,16538887337.jpg,d_51828484@N07_0_0
2038,26353883028.jpg,d_52119464@N07_0_0
2039,28447018779.jpg,d_52119464@N07_0_0
2250,28291456814.jpg,d_52237161@N00_0_0
2251,28291456364.jpg,d_52237161@N00_0_0
2252,28291455894.jpg,d_52237161@N00_0_0
460,5871098178.jpg,d_52316027@N05_0_0
461,5870539397.jpg,d_52316027@N05_0_0
462,5870538825.jpg,d_52316027@N05_0_0
1117,51117809373.jpg,d_52316027@N05_1_0
1118,51118692845.jpg,d_52316027@N05_1_0
1119,51117895931.jpg,d_52316027@N05_1_0
765,8705830550.jpg,d_52815998@N04_0_0
766,8704707517.jpg,d_52815998@N04_0_0
767,8705830268.jpg,d_52815998@N04_0_0
768,8705830138.jpg,d_52815998@N04_0_0
1896,5886256792.jpg,d_54052359@N00_0_0
1897,5885689621.jpg,d_54052359@N00_0_0
1898,5886256594.jpg,d_54052359@N00_0_0
1899,5886256512.jpg,d_54052359@N00_0_0
1900,5885689329.jpg,d_54052359@N00_0_0
1901,5885689231.jpg,d_54052359@N00_0_0
1902,5886256214.jpg,d_54052359@N00_0_0
1903,5885689019.jpg,d_54052359@N00_0_0
1904,5886256012.jpg,d_54052359@N00_0_0
1905,5886119726.jpg,d_54052359@N00_0_0
1906,5885492867.jpg,d_54052359@N00_0_0
1907,5885475657.jpg,d_54052359@N00_0_0
2003,8620547301.jpg,d_54339182@N06_0_0
2004,8620547229.jpg,d_54339182@N06_0_0
527,5922141625.jpg,d_54738376@N04_0_0
528,5922141151.jpg,d_54738376@N04_0_0
271,7015201517.jpg,d_55306230@N07_0_0
272,7015187745.jpg,d_55306230@N07_0_0
273,6869002756.jpg,d_55306230@N07_0_0
269,6913336528.jpg,d_55306230@N07_1_0
270,6913288358.jpg,d_55306230@N07_1_0
2014,5581555753.jpg,d_55493873@N08_0_0
2015,5582136948.jpg,d_55493873@N08_0_0
2016,5581534917.jpg,d_55493873@N08_0_0
1209,5145417255.jpg,d_55563621@N08_1_0
1218,5146019130.jpg,d_55563621@N08_1_0
1219,5145417801.jpg,d_55563621@N08_1_0
1208,5597997496.jpg,d_55563621@N08_2_0
1214,5598027603.jpg,d_55563621@N08_2_0
1215,5597395429.jpg,d_55563621@N08_2_0
1053,6914708466.jpg,d_55563621@N08_3_0
1054,6914708104.jpg,d_55563621@N08_3_0
1055,7060788815.jpg,d_55563621@N08_3_0
1056,6914705932.jpg,d_55563621@N08_3_0
1057,7058487253.jpg,d_55563621@N08_3_0
1058,7058486027.jpg,d_55563621@N08_3_0
1059,6912403888.jpg,d_55563621@N08_3_0
172,5531954957.jpg,d_55891299@N04_0_0
173,5531953075.jpg,d_55891299@N04_0_0
174,5532535202.jpg,d_55891299@N04_0_0
175,5531951047.jpg,d_55891299@N04_0_0
854,6169280147.jpg,d_56017483@N04_0_0
855,6169280059.jpg,d_56017483@N04_0_0
856,6169279931.jpg,d_56017483@N04_0_0
857,6169279347.jpg,d_56017483@N04_0_0
858,6169278971.jpg,d_56017483@N04_0_0
850,6252936525.jpg,d_56017483@N04_1_0
851,6252936437.jpg,d_56017483@N04_1_0
852,6253465320.jpg,d_56017483@N04_1_0
853,6252936271.jpg,d_56017483@N04_1_0
285,12271644143.jpg,d_56017483@N04_2_0
286,12271643943.jpg,d_56017483@N04_2_0
287,12271933434.jpg,d_56017483@N04_2_0
288,12271490675.jpg,d_56017483@N04_2_0
289,12271933034.jpg,d_56017483@N04_2_0
290,12271931414.jpg,d_56017483@N04_2_0
291,12272052826.jpg,d_56017483@N04_2_0
138,2296581765.jpg,d_56454781@N00_0_0
139,2296580363.jpg,d_56454781@N00_0_0
149,2296547445.jpg,d_56454781@N00_0_0
150,2297296192.jpg,d_56454781@N00_0_0
2131,14238018724.jpg,d_57644250@N00_0_1
2132,14238297085.jpg,d_57644250@N00_0_1
2133,14051715077.jpg,d_57644250@N00_0_1
2134,14051688790.jpg,d_57644250@N00_0_1
2135,14051650569.jpg,d_57644250@N00_0_1
2136,14238016614.jpg,d_57644250@N00_0_1
2137,14238295265.jpg,d_57644250@N00_0_1
2138,14258474613.jpg,d_57644250@N00_0_1
2139,14051648569.jpg,d_57644250@N00_0_1
2140,14236032822.jpg,d_57644250@N00_0_1
2141,14238292985.jpg,d_57644250@N00_0_1
2142,14051711307.jpg,d_57644250@N00_0_1
2143,14234995411.jpg,d_57644250@N00_0_1
2144,14215143796.jpg,d_57644250@N00_0_1
2145,14238290995.jpg,d_57644250@N00_0_1
2146,14238012124.jpg,d_57644250@N00_0_1
2147,14238290255.jpg,d_57644250@N00_0_1
2148,14258469603.jpg,d_57644250@N00_0_1
2149,14051644429.jpg,d_57644250@N00_0_1
2150,14236028492.jpg,d_57644250@N00_0_1
2151,14051681230.jpg,d_57644250@N00_0_1
2152,14258468113.jpg,d_57644250@N00_0_1
2153,14051680510.jpg,d_57644250@N00_0_1
2154,14051641308.jpg,d_57644250@N00_0_1
424,7623363620.jpg,d_57884446@N00_0_0
425,7623362718.jpg,d_57884446@N00_0_0
426,7623362246.jpg,d_57884446@N00_0_0
427,7623361136.jpg,d_57884446@N00_0_0
428,7623360314.jpg,d_57884446@N00_0_0
429,7623359944.jpg,d_57884446@N00_0_0
430,7623359406.jpg,d_57884446@N00_0_0
431,7623358608.jpg,d_57884446@N00_0_0
432,7623357844.jpg,d_57884446@N00_0_0
1728,2642608382.jpg,d_58242031@N00_0_0
1729,2642607196.jpg,d_58242031@N00_0_0
1730,2642608280.jpg,d_58242031@N00_0_0
1731,2641781557.jpg,d_58242031@N00_0_0
1732,2641781497.jpg,d_58242031@N00_0_0
1733,2642608044.jpg,d_58242031@N00_0_0
1734,2642607806.jpg,d_58242031@N00_0_0
1735,2642607712.jpg,d_58242031@N00_0_0
1736,2641781037.jpg,d_58242031@N00_0_0
1737,2642607484.jpg,d_58242031@N00_0_0
1738,2642607386.jpg,d_58242031@N00_0_0
1739,2641780767.jpg,d_58242031@N00_0_0
1740,2641780535.jpg,d_58242031@N00_0_0
1741,2641780425.jpg,d_58242031@N00_0_0
1742,2642606868.jpg,d_58242031@N00_0_0
1743,2641780207.jpg,d_58242031@N00_0_0
1318,4728799268.jpg,d_58415659@N00_0_0
1319,4728152871.jpg,d_58415659@N00_0_0
1320,4728797728.jpg,d_58415659@N00_0_0
1321,4728797008.jpg,d_58415659@N00_0_0
1322,4728796038.jpg,d_58415659@N00_0_0
1323,4728795214.jpg,d_58415659@N00_0_0
1324,4728794280.jpg,d_58415659@N00_0_0
1325,4728794174.jpg,d_58415659@N00_0_0
1326,4728794044.jpg,d_58415659@N00_0_0
1327,4728148273.jpg,d_58415659@N00_0_0
1328,4728793804.jpg,d_58415659@N00_0_0
1329,4728148069.jpg,d_58415659@N00_0_0
1330,4728147883.jpg,d_58415659@N00_0_0
1264,7639276120.jpg,d_58415659@N00_1_0
1265,7639276024.jpg,d_58415659@N00_1_0
2183,16435637491.jpg,d_58415659@N00_2_0
2184,16411429226.jpg,d_58415659@N00_2_0
2185,15817333033.jpg,d_58415659@N00_2_0
2186,15814874784.jpg,d_58415659@N00_2_0
254,24822943081.jpg,d_58415659@N00_3_0
255,24548670319.jpg,d_58415659@N00_3_0
1833,48755673658.jpg,d_58415659@N00_5_0
1834,48755673633.jpg,d_58415659@N00_5_0
1835,48755989856.jpg,d_58415659@N00_5_0
891,6592919929.jpg,d_58554451@N00_0_0
892,6592919707.jpg,d_58554451@N00_0_0
1451,2563959801.jpg,d_58713419@N00_0_0
1452,2564786470.jpg,d_58713419@N00_0_0
1453,2563959243.jpg,d_58713419@N00_0_0
1454,2564785980.jpg,d_58713419@N00_0_0
1455,2564785732.jpg,d_58713419@N00_0_0
1456,2563958471.jpg,d_58713419@N00_0_0
1457,2563958303.jpg,d_58713419@N00_0_0
1458,2564785128.jpg,d_58713419@N00_0_0
1459,2563957877.jpg,d_58713419@N00_0_0
1460,2563957673.jpg,d_58713419@N00_0_0
1461,2563957439.jpg,d_58713419@N00_0_0
1462,2563957209.jpg,d_58713419@N00_0_0
1025,7939232804.jpg,d_59162458@N02_0_0
1026,7939231132.jpg,d_59162458@N02_0_0
1027,7939229972.jpg,d_59162458@N02_0_0
1028,7939217508.jpg,d_59162458@N02_0_0
1029,7939200432.jpg,d_59162458@N02_0_0
1030,7939199306.jpg,d_59162458@N02_0_0
1031,7939197666.jpg,d_59162458@N02_0_0
1032,7939192638.jpg,d_59162458@N02_0_0
1019,8006752405.jpg,d_59162458@N02_1_0
1020,8006733829.jpg,d_59162458@N02_1_0
1021,8006732073.jpg,d_59162458@N02_1_0
1042,7180732341.jpg,d_59269512@N08_0_0
1043,7180731865.jpg,d_59269512@N08_0_0
129,34756442312.jpg,d_59455242@N07_0_0
130,34756439332.jpg,d_59455242@N07_0_0
131,34879589726.jpg,d_59455242@N07_0_0
1999,17105261210.jpg,d_59730419@N03_0_0
2000,17290994722.jpg,d_59730419@N03_0_0
848,9360615490.jpg,d_59967634@N06_0_0
849,9357838023.jpg,d_59967634@N06_0_0
1088,3652134314.jpg,d_59987629@N00_0_0
1089,3652111918.jpg,d_59987629@N00_0_0
1550,1678759288.jpg,d_60099803@N00_2_0
1551,1678757868.jpg,d_60099803@N00_2_0
493,6660911579.jpg,d_60843400@N03_1_0
494,6660908673.jpg,d_60843400@N03_1_0
495,6660906569.jpg,d_60843400@N03_1_0
496,6660902497.jpg,d_60843400@N03_1_0
497,6660896943.jpg,d_60843400@N03_1_0
1885,8066857258.jpg,d_61839075@N08_0_0
1959,8066859378.jpg,d_61839075@N08_0_0
1960,8066855722.jpg,d_61839075@N08_0_0
1652,44601992755.jpg,d_62185172@N06_1_0
1653,43699011070.jpg,d_62185172@N06_1_0
1654,44601988165.jpg,d_62185172@N06_1_0
1655,44601985445.jpg,d_62185172@N06_1_0
923,50228472356.jpg,d_62185172@N06_3_0
924,50228471756.jpg,d_62185172@N06_3_0
916,51070262378.jpg,d_62185172@N06_5_0
917,51001728245.jpg,d_62185172@N06_5_0
918,51001729990.jpg,d_62185172@N06_5_0
919,51071009582.jpg,d_62185172@N06_5_0
2032,8537834746.jpg,d_62989594@N00_0_0
2033,8537834294.jpg,d_62989594@N00_0_0
1277,5860695525.jpg,d_63552300@N07_0_0
1278,5860693363.jpg,d_63552300@N07_0_0
151,8352962540.jpg,d_63702151@N04_0_0
152,8351900115.jpg,d_63702151@N04_0_0
1066,5926429557.jpg,d_64599070@N05_0_1
1067,5926412033.jpg,d_64599070@N05_0_1
1069,5922623367.jpg,d_64599070@N05_0_1
1070,5923182690.jpg,d_64599070@N05_0_1
1071,5922615751.jpg,d_64599070@N05_0_1
1072,5923175756.jpg,d_64599070@N05_0_1
806,8199900565.jpg,d_64599070@N05_2_0
807,8197106540.jpg,d_64599070@N05_2_0
1015,8241323675.jpg,d_64599070@N05_3_0
1016,8215796753.jpg,d_64599070@N05_3_0
1017,8216827024.jpg,d_64599070@N05_3_0
1018,8211191373.jpg,d_64599070@N05_3_0
1011,8426995093.jpg,d_64599070@N05_4_0
1012,8424775942.jpg,d_64599070@N05_4_0
1013,8423674005.jpg,d_64599070@N05_4_0
1014,8424761764.jpg,d_64599070@N05_4_0
794,8998528797.jpg,d_64599070@N05_5_0
803,8999712598.jpg,d_64599070@N05_5_0
972,16256121443.jpg,d_64599070@N05_6_0
973,16874801252.jpg,d_64599070@N05_6_0
1801,2502722778.jpg,d_65514321@N00_0_0
1802,2501892215.jpg,d_65514321@N00_0_0
1880,8613046361.jpg,d_65514321@N00_1_0
1881,8614153910.jpg,d_65514321@N00_1_0
1882,8614153786.jpg,d_65514321@N00_1_0
1883,8613045981.jpg,d_65514321@N00_1_0
1884,8613039155.jpg,d_65514321@N00_1_0
1932,8614527138.jpg,d_65514321@N00_2_0
1933,8613419573.jpg,d_65514321@N00_2_0
1934,8613419415.jpg,d_65514321@N00_2_0
1935,8614526678.jpg,d_65514321@N00_2_0
1536,9060655074.jpg,d_65741821@N02_2_0
1537,9058425681.jpg,d_65741821@N02_2_0
1538,9060649856.jpg,d_65741821@N02_2_0
1534,9175457715.jpg,d_65741821@N02_3_0
1535,9175454105.jpg,d_65741821@N02_3_0
1528,21243801715.jpg,d_65741821@N02_4_0
1529,21184889342.jpg,d_65741821@N02_4_0
1530,21203098331.jpg,d_65741821@N02_4_0
1085,4410688111.jpg,d_65823662@N00_1_0
1086,4411454632.jpg,d_65823662@N00_1_0
60,6285998631.jpg,d_66359586@N07_0_0
61,6285998413.jpg,d_66359586@N07_0_0
62,6286518040.jpg,d_66359586@N07_0_0
63,6285997937.jpg,d_66359586@N07_0_0
57,6285999117.jpg,d_66359586@N07_1_0
58,6286518826.jpg,d_66359586@N07_1_0
59,6285998803.jpg,d_66359586@N07_1_0
51,7041754211.jpg,d_66359586@N07_5_0
52,6895657716.jpg,d_66359586@N07_5_0
53,6895657360.jpg,d_66359586@N07_5_0
48,6972856726.jpg,d_66359586@N07_7_0
49,6966610878.jpg,d_66359586@N07_7_0
45,8100411166.jpg,d_66359586@N07_9_0
46,8100410028.jpg,d_66359586@N07_9_0
42,8770232222.jpg,d_66359586@N07_10_0
43,8770203722.jpg,d_66359586@N07_10_0
44,8770192672.jpg,d_66359586@N07_10_0
35,12677195725.jpg,d_66359586@N07_11_0
36,12677187705.jpg,d_66359586@N07_11_0
37,12677173135.jpg,d_66359586@N07_11_0
38,12677157225.jpg,d_66359586@N07_11_0
39,12677624224.jpg,d_66359586@N07_11_0
40,12677141935.jpg,d_66359586@N07_11_0
41,12677134155.jpg,d_66359586@N07_11_0
155,8645750972.jpg,d_66619283@N00_0_0
156,8644651373.jpg,d_66619283@N00_0_0
157,8644650893.jpg,d_66619283@N00_0_0
1643,38687333890.jpg,d_66885639@N07_0_0
1644,38687332900.jpg,d_66885639@N07_0_0
1645,40455231632.jpg,d_66885639@N07_0_0
1646,40455230042.jpg,d_66885639@N07_0_0
1647,39601892075.jpg,d_66885639@N07_0_0
1648,40497668891.jpg,d_66885639@N07_0_0
1983,16569581980.jpg,d_66885639@N07_3_0
1984,16569295108.jpg,d_66885639@N07_3_0
1985,16549596457.jpg,d_66885639@N07_3_0
28,18652156211.jpg,d_66885639@N07_4_0
29,18463695239.jpg,d_66885639@N07_4_0
30,18649516635.jpg,d_66885639@N07_4_0
31,18651731381.jpg,d_66885639@N07_4_0
32,18028604533.jpg,d_66885639@N07_4_0
33,18461550060.jpg,d_66885639@N07_4_0
2008,50129858817.jpg,d_66885639@N07_7_0
2009,50129850302.jpg,d_66885639@N07_7_0
1977,51134465622.jpg,d_66885639@N07_8_0
1978,51134465367.jpg,d_66885639@N07_8_0
1979,51136248955.jpg,d_66885639@N07_8_0
1989,51135354983.jpg,d_66885639@N07_8_1
1990,51136246665.jpg,d_66885639@N07_8_1
1188,6492295461.jpg,d_67002889@N02_0_0
1189,6492294627.jpg,d_67002889@N02_0_0
1190,6492294283.jpg,d_67002889@N02_0_0
1191,6492293853.jpg,d_67002889@N02_0_0
1192,6492293349.jpg,d_67002889@N02_0_0
1193,6491937081.jpg,d_67002889@N02_0_0
1194,6491936781.jpg,d_67002889@N02_0_0
1195,6491936367.jpg,d_67002889@N02_0_0
1196,6491935885.jpg,d_67002889@N02_0_0
1197,6491935503.jpg,d_67002889@N02_0_0
1198,6491935111.jpg,d_67002889@N02_0_0
1199,6491934865.jpg,d_67002889@N02_0_0
1200,6491934653.jpg,d_67002889@N02_0_0
1201,6491934465.jpg,d_67002889@N02_0_0
1202,6491934307.jpg,d_67002889@N02_0_0
1203,6491933887.jpg,d_67002889@N02_0_0
1204,6491933697.jpg,d_67002889@N02_0_0
1205,6491933221.jpg,d_67002889@N02_0_0
998,10119524643.jpg,d_67002889@N02_1_0
999,10119524043.jpg,d_67002889@N02_1_0
1000,10119449706.jpg,d_67002889@N02_1_0
1001,10119521353.jpg,d_67002889@N02_1_0
1002,10119394925.jpg,d_67002889@N02_1_0
1952,27431747335.jpg,d_67132034@N03_1_0
1953,27397618266.jpg,d_67132034@N03_1_0
1954,27331327891.jpg,d_67132034@N03_1_0
829,12266279495.jpg,d_67299437@N06_0_0
830,12266845586.jpg,d_67299437@N06_0_0
1210,6175651000.jpg,d_67836645@N05_0_0
1211,6175627908.jpg,d_67836645@N05_0_0
2187,13128681204.jpg,d_68311197@N07_0_0
2188,13128680884.jpg,d_68311197@N07_0_0
2189,13128680164.jpg,d_68311197@N07_0_0
2190,13128393425.jpg,d_68311197@N07_0_0
2191,13128679464.jpg,d_68311197@N07_0_0
1178,7198842452.jpg,d_68419046@N05_1_0
1179,7198838762.jpg,d_68419046@N05_1_0
1180,7198836822.jpg,d_68419046@N05_1_0
1181,7198834048.jpg,d_68419046@N05_1_0
1560,10226905353.jpg,d_71246228@N00_3_0
1562,10226787496.jpg,d_71246228@N00_3_0
127,7661319394.jpg,d_7159617@N05_0_0
159,7662481934.jpg,d_7159617@N05_0_0
160,7662423872.jpg,d_7159617@N05_0_0
161,7662289916.jpg,d_7159617@N05_0_0
375,8176146725.jpg,d_71866247@N05_0_0
376,8176144559.jpg,d_71866247@N05_0_0
763,26339538436.jpg,d_72271115@N02_0_0
764,26076468530.jpg,d_72271115@N02_0_0
782,5895447792.jpg,d_7255787@N02_0_0
783,5894878553.jpg,d_7255787@N02_0_0
755,39544293351.jpg,d_7344912@N05_0_0
756,27767937799.jpg,d_7344912@N05_0_0
757,23885931987.jpg,d_7344912@N05_0_0
758,38034237694.jpg,d_7344912@N05_0_0
594,457896140.jpg,d_7469183@N02_0_0
595,457911241.jpg,d_7469183@N02_0_0
596,457911207.jpg,d_7469183@N02_0_0
563,453847528.jpg,d_75554426@N00_0_0
564,453862265.jpg,d_75554426@N00_0_0
1489,16164200527.jpg,d_76682317@N02_0_0
1490,15730123613.jpg,d_76682317@N02_0_0
12,8753529777.jpg,d_76765135@N03_0_4
13,8747603565.jpg,d_76765135@N03_0_4
2054,14592714356.jpg,d_76765135@N03_0_5
2055,9059865304.jpg,d_76765135@N03_0_5
143,29637449097.jpg,d_77073898@N08_0_0
144,43666126935.jpg,d_77073898@N08_0_0
145,43666125455.jpg,d_77073898@N08_0_0
146,43666123715.jpg,d_77073898@N08_0_0
140,45980346264.jpg,d_77073898@N08_1_0
141,46652351872.jpg,d_77073898@N08_1_0
142,45980333484.jpg,d_77073898@N08_1_0
1045,7279499926.jpg,d_77377785@N02_1_0
1046,7279487806.jpg,d_77377785@N02_1_0
1047,7279463200.jpg,d_77377785@N02_1_0
1048,7279445936.jpg,d_77377785@N02_1_0
2050,2591737563.jpg,d_77506708@N00_0_0
2051,2592575942.jpg,d_77506708@N00_0_0
2180,4653615192.jpg,d_77506708@N00_1_0
2181,4653614370.jpg,d_77506708@N00_1_0
2182,4652996009.jpg,d_77506708@N00_1_0
1859,36050393161.jpg,d_77506708@N00_3_1
1860,35793222540.jpg,d_77506708@N00_3_1
2114,35738893993.jpg,d_77506708@N00_4_0
2115,35697243323.jpg,d_77506708@N00_4_0
2116,36320728102.jpg,d_77506708@N00_4_0
773,6189561309.jpg,d_77802802@N00_1_1
774,6190077868.jpg,d_77802802@N00_1_1
775,6190076406.jpg,d_77802802@N00_1_1
776,6189556901.jpg,d_77802802@N00_1_1
777,6189554951.jpg,d_77802802@N00_1_1
778,6189553065.jpg,d_77802802@N00_1_1
779,6190069664.jpg,d_77802802@N00_1_1
780,6190068416.jpg,d_77802802@N00_1_1
781,6190066868.jpg,d_77802802@N00_1_1
1809,7226437824.jpg,d_7813910@N04_1_0
1810,7226437666.jpg,d_7813910@N04_1_0
1401,12911088864.jpg,d_78191101@N00_0_0
1402,12911083534.jpg,d_78191101@N00_0_0
1403,12910743923.jpg,d_78191101@N00_0_0
1404,12910743813.jpg,d_78191101@N00_0_0
1405,12911080754.jpg,d_78191101@N00_0_0
1142,14460366389.jpg,d_79183573@N08_0_0
1143,14460557737.jpg,d_79183573@N08_0_0
1144,14460304180.jpg,d_79183573@N08_0_0
436,9638889296.jpg,d_79335659@N06_1_0
437,9580703327.jpg,d_79335659@N06_1_0
864,4608460245.jpg,d_79516158@N00_0_0
865,4609065402.jpg,d_79516158@N00_0_0
866,4608456767.jpg,d_79516158@N00_0_0
867,4608454671.jpg,d_79516158@N00_0_0
868,4609060936.jpg,d_79516158@N00_0_0
2077,14221146348.jpg,d_79606293@N08_0_0
2078,14221158510.jpg,d_79606293@N08_0_0
2079,14406445592.jpg,d_79606293@N08_0_0
263,7167537103.jpg,d_80160164@N02_2_0
264,7167537111.jpg,d_80160164@N02_2_0
265,7167537113.jpg,d_80160164@N02_2_0
266,7167537107.jpg,d_80160164@N02_2_0
116,7175680991.jpg,d_80160164@N02_4_0
117,7175680983.jpg,d_80160164@N02_4_0
1938,3958975494.jpg,d_8087945@N08_0_0
1939,3958200615.jpg,d_8087945@N08_0_0
1940,3958200385.jpg,d_8087945@N08_0_0
21,8276949721.jpg,d_81070893@N04_0_0
22,8276948985.jpg,d_81070893@N04_0_0
874,1307150480.jpg,d_8127080@N08_0_0
875,1307150036.jpg,d_8127080@N08_0_0
759,27422348025.jpg,d_81853020@N00_0_0
762,26815299573.jpg,d_81853020@N00_0_0
210,18606334992.jpg,d_81937315@N00_1_0
211,18424715029.jpg,d_81937315@N00_1_0
218,25057592996.jpg,d_81937315@N00_2_0
219,24457071403.jpg,d_81937315@N00_2_0
214,32518045884.jpg,d_81937315@N00_4_0
215,33205686882.jpg,d_81937315@N00_4_0
216,33320488686.jpg,d_81937315@N00_4_0
217,33205685122.jpg,d_81937315@N00_4_0
276,44032560050.jpg,d_81937315@N00_6_0
277,44936336155.jpg,d_81937315@N00_6_0
278,44936334135.jpg,d_81937315@N00_6_0
279,31978089028.jpg,d_81937315@N00_6_0
280,31978083168.jpg,d_81937315@N00_6_0
281,30909909447.jpg,d_81937315@N00_6_0
282,30909906807.jpg,d_81937315@N00_6_0
283,30909902877.jpg,d_81937315@N00_6_0
361,51030221271.jpg,d_81937315@N00_7_0
362,51029493143.jpg,d_81937315@N00_7_0
363,51030221151.jpg,d_81937315@N00_7_0
364,51029492983.jpg,d_81937315@N00_7_0
228,51142317882.jpg,d_81937315@N00_8_0
229,51143212153.jpg,d_81937315@N00_8_0
230,51144099625.jpg,d_81937315@N00_8_0
479,47960066846.jpg,d_82583432@N02_0_0
480,47960038843.jpg,d_82583432@N02_0_0
565,50576137847.jpg,d_83062755@N08_3_0
566,50575973746.jpg,d_83062755@N08_3_0
1592,34050732800.jpg,d_83336444@N06_0_0
1593,34050732160.jpg,d_83336444@N06_0_0
1594,34435491425.jpg,d_83336444@N06_0_0
1595,34050731650.jpg,d_83336444@N06_0_0
1472,7920892148.jpg,d_83556923@N04_0_0
1473,7920883852.jpg,d_83556923@N04_0_0
1116,51153349688.jpg,d_8361951@N02_0_0
1121,30906852238.jpg,d_8361951@N02_0_0
1123,33457432415.jpg,d_8361951@N02_0_0
1124,33345482975.jpg,d_8361951@N02_0_0
1125,33345457275.jpg,d_8361951@N02_0_0
1126,33304815406.jpg,d_8361951@N02_0_0
1127,32531417243.jpg,d_8361951@N02_0_0
1128,33190118512.jpg,d_8361951@N02_0_0
1129,32962891430.jpg,d_8361951@N02_0_0
1130,33190096102.jpg,d_8361951@N02_0_0
1131,33217775951.jpg,d_8361951@N02_0_0
1132,33190033712.jpg,d_8361951@N02_0_0
1133,32962811310.jpg,d_8361951@N02_0_0
1134,29672391565.jpg,d_83690764@N03_0_0
1135,29045912794.jpg,d_83690764@N03_0_0
1470,13903280873.jpg,d_83704230@N06_0_0
1471,13880345465.jpg,d_83704230@N06_0_0
985,14000911239.jpg,d_83704230@N06_1_0
986,14187543184.jpg,d_83704230@N06_1_0
987,14000920850.jpg,d_83704230@N06_1_0
988,14184970142.jpg,d_83704230@N06_1_0
989,14000884519.jpg,d_83704230@N06_1_0
990,14164394106.jpg,d_83704230@N06_1_0
667,3750156532.jpg,d_85454639@N00_0_0
668,3749364733.jpg,d_85454639@N00_0_0
166,8136580651.jpg,d_86417536@N00_0_0
167,8136579601.jpg,d_86417536@N00_0_0
168,8136608210.jpg,d_86417536@N00_0_0
241,33923131546.jpg,d_86417536@N00_1_0
242,33963916385.jpg,d_86417536@N00_1_0
238,33648254500.jpg,d_86417536@N00_2_0
239,33890083141.jpg,d_86417536@N00_2_0
240,33862500562.jpg,d_86417536@N00_2_0
164,33245742803.jpg,d_86417536@N00_3_0
165,33245740243.jpg,d_86417536@N00_3_0
1992,35889408893.jpg,d_86417536@N00_4_0
1993,36529687392.jpg,d_86417536@N00_4_0
1986,7281121800.jpg,d_86969657@N00_1_0
1987,7281121526.jpg,d_86969657@N00_1_0
745,2268518777.jpg,d_87087035@N00_0_0
746,2269306626.jpg,d_87087035@N00_0_0
747,2268513497.jpg,d_87087035@N00_0_0
886,8226925002.jpg,d_88049931@N02_0_0
887,8226924948.jpg,d_88049931@N02_0_0
888,8225853425.jpg,d_88049931@N02_0_0
889,8225853363.jpg,d_88049931@N02_0_0
1292,4494708537.jpg,d_8970099@N04_0_0
1293,4494699457.jpg,d_8970099@N04_0_0
259,3530861410.jpg,d_9048908@N04_0_0
260,3530860890.jpg,d_9048908@N04_0_0
1722,2537971099.jpg,d_9048908@N04_1_0
1723,2538788700.jpg,d_9048908@N04_1_0
1724,2537969413.jpg,d_9048908@N04_1_0
1725,2538787158.jpg,d_9048908@N04_1_0
1726,2538685510.jpg,d_9048908@N04_1_0
1727,2537863099.jpg,d_9048908@N04_1_0
1717,2642076628.jpg,d_9048908@N04_2_0
1718,2642071932.jpg,d_9048908@N04_2_0
1719,2641240497.jpg,d_9048908@N04_2_0
1720,2641239615.jpg,d_9048908@N04_2_0
1721,2641238727.jpg,d_9048908@N04_2_0
1713,2644594441.jpg,d_9048908@N04_3_0
1715,2642616439.jpg,d_9048908@N04_3_0
1716,2642449273.jpg,d_9048908@N04_3_0
1712,2645451368.jpg,d_9048908@N04_4_0
1714,2643447140.jpg,d_9048908@N04_4_0
1709,2644713543.jpg,d_9048908@N04_5_0
1710,2645538026.jpg,d_9048908@N04_5_0
1711,2644713119.jpg,d_9048908@N04_5_0
1811,3138654485.jpg,d_90747745@N00_2_0
1812,3139480246.jpg,d_90747745@N00_2_0
1813,3139477882.jpg,d_90747745@N00_2_0
1814,3138648821.jpg,d_90747745@N00_2_0
1815,3139472962.jpg,d_90747745@N00_2_0
1816,3138639097.jpg,d_90747745@N00_2_0
1817,3139461456.jpg,d_90747745@N00_2_0
1818,3138620673.jpg,d_90747745@N00_2_0
1819,3138618853.jpg,d_90747745@N00_2_0
1820,3138617423.jpg,d_90747745@N00_2_0
1821,3139443570.jpg,d_90747745@N00_2_0
153,3352465088.jpg,d_90747745@N00_3_0
154,3351596613.jpg,d_90747745@N00_3_0
1578,26967058885.jpg,d_90796006@N02_1_0
1579,26933383976.jpg,d_90796006@N02_1_0
1580,26966845015.jpg,d_90796006@N02_1_0
1800,25567775230.jpg,d_92425772@N05_2_0
2011,25868466405.jpg,d_92425772@N05_2_0
860,51220725945.jpg,d_92425772@N05_6_0
861,51219651261.jpg,d_92425772@N05_6_0
1136,25719178154.jpg,d_92496457@N04_0_0
1137,26231621052.jpg,d_92496457@N04_0_0
554,3319111483.jpg,d_9324806@N02_1_0
555,3319841814.jpg,d_9324806@N02_1_0
556,3319831252.jpg,d_9324806@N02_1_0
557,3319001825.jpg,d_9324806@N02_1_0
558,3319000091.jpg,d_9324806@N02_1_0
559,3318944731.jpg,d_9324806@N02_1_0
560,3318942369.jpg,d_9324806@N02_1_0
561,3319766946.jpg,d_9324806@N02_1_0
552,3335946220.jpg,d_9324806@N02_2_0
553,3335941682.jpg,d_9324806@N02_2_0
548,3362450641.jpg,d_9324806@N02_3_0
549,3362417981.jpg,d_9324806@N02_3_0
550,3362412741.jpg,d_9324806@N02_3_0
551,3362408921.jpg,d_9324806@N02_3_0
546,3476197251.jpg,d_9324806@N02_5_0
547,3476194909.jpg,d_9324806@N02_5_0
538,4076807119.jpg,d_9324806@N02_6_0
543,3486355449.jpg,d_9324806@N02_6_0
544,3486352155.jpg,d_9324806@N02_6_0
545,3486314961.jpg,d_9324806@N02_6_0
535,4106500992.jpg,d_9324806@N02_11_0
536,4105730619.jpg,d_9324806@N02_11_0
537,4105728787.jpg,d_9324806@N02_11_0
531,4416661513.jpg,d_9324806@N02_12_0
532,4417426212.jpg,d_9324806@N02_12_0
513,11691692606.jpg,d_9324806@N02_17_0
514,11691690106.jpg,d_9324806@N02_17_0
515,11691688516.jpg,d_9324806@N02_17_0
516,11691292854.jpg,d_9324806@N02_17_0
2029,5027307861.jpg,d_94104270@N00_0_0
2030,5027911668.jpg,d_94104270@N00_0_0
1968,5657387942.jpg,d_94876569@N00_0_0
1969,5656813423.jpg,d_94876569@N00_0_0
1970,5656812437.jpg,d_94876569@N00_0_0
1971,5656811975.jpg,d_94876569@N00_0_0
1972,5656811305.jpg,d_94876569@N00_0_0
1973,5657383648.jpg,d_94876569@N00_0_0
1974,5656809919.jpg,d_94876569@N00_0_0
1975,5657383004.jpg,d_94876569@N00_0_0
1976,5657382828.jpg,d_94876569@N00_0_0
1521,393895829.jpg,d_95101667@N00_0_0
1522,393895757.jpg,d_95101667@N00_0_0
1519,2494651457.jpg,d_95101667@N00_3_0
1520,2494651157.jpg,d_95101667@N00_3_0
1508,3603734617.jpg,d_95101667@N00_5_0
1509,3603731503.jpg,d_95101667@N00_5_0
1510,3604542612.jpg,d_95101667@N00_5_0
1511,3603724215.jpg,d_95101667@N00_5_0
1512,3603718343.jpg,d_95101667@N00_5_0
1513,3604513986.jpg,d_95101667@N00_5_0
1514,3603696489.jpg,d_95101667@N00_5_0
1515,3604506502.jpg,d_95101667@N00_5_0
1480,4216072810.jpg,d_95101667@N00_6_0
1481,4216071868.jpg,d_95101667@N00_6_0
1482,4215299925.jpg,d_95101667@N00_6_0
1185,6930341138.jpg,d_95101667@N00_8_0
1186,7076415615.jpg,d_95101667@N00_8_0
2170,10968226654.jpg,d_95795254@N02_0_0
2171,10968034555.jpg,d_95795254@N02_0_0
2172,10968284153.jpg,d_95795254@N02_0_0
2173,10968121026.jpg,d_95795254@N02_0_0
2174,10968214804.jpg,d_95795254@N02_0_0
2175,10968278883.jpg,d_95795254@N02_0_0
2176,10968111166.jpg,d_95795254@N02_0_0
2177,10968209244.jpg,d_95795254@N02_0_0
2178,10968017835.jpg,d_95795254@N02_0_0
2168,11446371736.jpg,d_95795254@N02_1_0
2169,11446320974.jpg,d_95795254@N02_1_0
2119,15265521541.jpg,d_95795254@N02_2_0
2120,15082055477.jpg,d_95795254@N02_2_0
2121,15081874899.jpg,d_95795254@N02_2_0
2122,15268219502.jpg,d_95795254@N02_2_0
2123,15268218112.jpg,d_95795254@N02_2_0
2124,15081864979.jpg,d_95795254@N02_2_0
2125,15082036668.jpg,d_95795254@N02_2_0
2130,15268610015.jpg,d_95795254@N02_2_0
2108,34898555005.jpg,d_95795254@N02_3_0
2118,33329612324.jpg,d_95795254@N02_3_0
2103,35544902284.jpg,d_95795254@N02_4_0
2104,35780782550.jpg,d_95795254@N02_4_0
2105,35663971855.jpg,d_95795254@N02_4_0
2106,35440431625.jpg,d_95795254@N02_4_0
2107,34512529784.jpg,d_95795254@N02_4_0
2099,43989587615.jpg,d_95795254@N02_7_0
2100,44142551552.jpg,d_95795254@N02_7_0
2092,51344461511.jpg,d_95795254@N02_8_0
2093,51293532493.jpg,d_95795254@N02_8_0
2095,51051505671.jpg,d_95795254@N02_8_0
2096,50917772971.jpg,d_95795254@N02_8_0
2097,50689484328.jpg,d_95795254@N02_8_0
2098,50592258423.jpg,d_95795254@N02_8_0
2159,51405334241.jpg,d_95795254@N02_10_0
2161,51111063956.jpg,d_95795254@N02_10_0
470,3354029887.jpg,d_96063771@N00_0_0
471,3354846344.jpg,d_96063771@N00_0_0
472,3354023829.jpg,d_96063771@N00_0_0
1372,3633724682.jpg,d_96776634@N00_1_0
1373,3610792649.jpg,d_96776634@N00_1_0
584,3968838594.jpg,d_96776634@N00_2_0
585,3968039769.jpg,d_96776634@N00_2_0
586,3968021149.jpg,d_96776634@N00_2_0
587,3968005171.jpg,d_96776634@N00_2_0
588,3967994575.jpg,d_96776634@N00_2_0
589,3968746722.jpg,d_96776634@N00_2_0
590,3967906235.jpg,d_96776634@N00_2_0
591,3968629638.jpg,d_96776634@N00_2_0
592,3967845073.jpg,d_96776634@N00_2_0
593,3967836987.jpg,d_96776634@N00_2_0
619,3975711091.jpg,d_96776634@N00_3_0
620,3976456556.jpg,d_96776634@N00_3_0
621,3975691051.jpg,d_96776634@N00_3_0
622,3974721365.jpg,d_96776634@N00_3_0
623,3974717755.jpg,d_96776634@N00_3_0
624,3975470096.jpg,d_96776634@N00_3_0
625,3974698261.jpg,d_96776634@N00_3_0
626,3974693639.jpg,d_96776634@N00_3_0
627,3974681351.jpg,d_96776634@N00_3_0
628,3974658833.jpg,d_96776634@N00_3_0
629,3974654219.jpg,d_96776634@N00_3_0
630,3974647393.jpg,d_96776634@N00_3_0
631,3975407774.jpg,d_96776634@N00_3_0
632,3974638681.jpg,d_96776634@N00_3_0
633,3975312874.jpg,d_96776634@N00_3_0
634,3975101304.jpg,d_96776634@N00_3_0
635,3974326371.jpg,d_96776634@N00_3_0
636,3974316127.jpg,d_96776634@N00_3_0
637,3974311483.jpg,d_96776634@N00_3_0
638,3973920082.jpg,d_96776634@N00_3_0
639,3972896381.jpg,d_96776634@N00_3_0
640,3972851047.jpg,d_96776634@N00_3_0
641,3972837589.jpg,d_96776634@N00_3_0
642,3973592536.jpg,d_96776634@N00_3_0
643,3973573242.jpg,d_96776634@N00_3_0
644,3972798329.jpg,d_96776634@N00_3_0
645,3973557902.jpg,d_96776634@N00_3_0
646,3972064069.jpg,d_96776634@N00_3_0
647,3972805792.jpg,d_96776634@N00_3_0
648,3972586970.jpg,d_96776634@N00_3_0
649,3971789575.jpg,d_96776634@N00_3_0
650,3971766077.jpg,d_96776634@N00_3_0
651,3972524788.jpg,d_96776634@N00_3_0
652,3972503356.jpg,d_96776634@N00_3_0
653,3972476502.jpg,d_96776634@N00_3_0
654,3971694879.jpg,d_96776634@N00_3_0
655,3971645815.jpg,d_96776634@N00_3_0
656,3971421445.jpg,d_96776634@N00_3_0
657,3972178488.jpg,d_96776634@N00_3_0
658,3972116628.jpg,d_96776634@N00_3_0
659,3972093390.jpg,d_96776634@N00_3_0
660,3971300865.jpg,d_96776634@N00_3_0
661,3972039856.jpg,d_96776634@N00_3_0
662,3971249443.jpg,d_96776634@N00_3_0
663,3972001300.jpg,d_96776634@N00_3_0
664,3971990710.jpg,d_96776634@N00_3_0
665,3971978076.jpg,d_96776634@N00_3_0
666,3971959858.jpg,d_96776634@N00_3_0
616,3993525902.jpg,d_96776634@N00_4_0
617,3992766745.jpg,d_96776634@N00_4_0
618,3993523146.jpg,d_96776634@N00_4_0
604,3998486437.jpg,d_96776634@N00_5_0
605,3998477587.jpg,d_96776634@N00_5_0
606,3998468147.jpg,d_96776634@N00_5_0
607,3999224630.jpg,d_96776634@N00_5_0
608,3998400476.jpg,d_96776634@N00_5_0
609,3998368304.jpg,d_96776634@N00_5_0
610,3997607187.jpg,d_96776634@N00_5_0
611,3998367736.jpg,d_96776634@N00_5_0
612,3997606825.jpg,d_96776634@N00_5_0
613,3997606235.jpg,d_96776634@N00_5_0
614,3997605691.jpg,d_96776634@N00_5_0
615,3998365588.jpg,d_96776634@N00_5_0
602,4022333755.jpg,d_96776634@N00_6_0
603,4022333117.jpg,d_96776634@N00_6_0
1345,4060718949.jpg,d_96776634@N00_7_0
1346,4060691657.jpg,d_96776634@N00_7_0
1347,4061407542.jpg,d_96776634@N00_7_0
484,5043594199.jpg,d_96776634@N00_9_0
485,5043568201.jpg,d_96776634@N00_9_0
1257,8666437534.jpg,d_96776634@N00_10_0
1258,8666365932.jpg,d_96776634@N00_10_0
1259,8666352812.jpg,d_96776634@N00_10_0
1260,8665234165.jpg,d_96776634@N00_10_0
